,POP_2015,active_living,community_space,education,food_choices,health_wellbeing,mobility,nightlife,ID_HDC_G0,lng,lat
0,89.079,5000,387,713,713,0,1525,969,9590.0,88.1584117301745,24.68884570094937
1,18.749,5000,280,606,606,0,1418,862,9590.0,88.1580437688386,24.68800680849488
2,72.394,5000,151,477,477,129,1289,733,9590.0,88.15767582430936,24.687167918185267
3,95.728,5000,151,477,477,129,1289,733,9590.0,88.15873454010011,24.687167918185263
4,62.4,5000,151,477,477,129,1289,733,9590.0,88.15730789658625,24.686329030020428
5,133.184,5000,151,477,477,129,1289,733,9590.0,88.15836660795847,24.68632903002043
6,77.928,5000,0,326,326,280,1137,581,9590.0,88.15693998566877,24.6854901440003
7,159.615,5000,0,326,326,280,1137,581,9590.0,88.15799869262261,24.685490144000298
8,130.996,5000,449,775,775,562,1587,981,9590.0,88.16117481348411,24.685490144000298
9,168.081,5000,468,789,789,582,1601,961,9590.0,88.16223352043794,24.685490144000294
10,31.716,5000,0,326,326,280,1137,581,9590.0,88.15657209155633,24.684651260124753
11,149.249,5000,0,326,326,280,1137,581,9590.0,88.15763079409197,24.68465126012476
12,62.277,5000,906,1222,1222,1019,2034,1360,9590.0,88.16610041437734,24.684651260124756
13,0.0,5000,906,1222,1222,1019,2034,1360,9590.0,88.16573249730764,24.683812378393718
14,125.627,5000,326,0,0,58,811,255,9590.0,88.15583635374425,24.682973498807105
15,86.229,5000,326,0,0,58,811,255,9590.0,88.1568950474442,24.682973498807105
16,102.955,5000,796,495,495,437,1307,634,9590.0,88.16112982224395,24.682973498807108
17,130.583,5000,796,495,495,437,1307,634,9590.0,88.1621885159439,24.682973498807105
18,85.321,5000,326,0,0,58,811,255,9590.0,88.15546851004355,24.682134621364813
19,115.881,5000,342,29,29,29,841,226,9590.0,88.15652719932594,24.682134621364806
20,172.045,5000,359,58,58,0,870,197,9590.0,88.1575858886083,24.682134621364813
21,9.416,5000,796,495,495,437,1307,634,9590.0,88.16076195645546,24.682134621364806
22,138.677,5000,796,495,495,437,1307,634,9590.0,88.16182064573785,24.68213462136481
23,115.757,5000,214,129,0,109,682,213,9590.0,88.1561593680107,24.681295746066745
24,180.47,5000,162,255,0,104,677,0,9590.0,88.15721805287572,24.681295746066745
25,137.355,5000,108,265,26,26,599,77,9590.0,88.15579155349792,24.680456872912817
26,234.239,5000,162,255,0,104,677,0,9590.0,88.15685023394578,24.680456872912814
27,106.093,5000,0,343,98,104,468,209,9590.0,88.15436507975615,24.679618001902924
28,151.933,5000,0,343,98,104,468,209,9590.0,88.15542375578704,24.679618001902927
29,199.219,5000,0,404,0,165,566,162,9590.0,88.15648243181795,24.679618001902927
30,124.471,5000,592,686,430,534,1107,430,9590.0,88.1607171359416,24.679618001902927
31,223.006,5000,237,641,237,402,803,399,9590.0,88.15823198971998,24.67877913303699
32,147.267,5000,468,811,566,572,0,677,9590.0,88.15464367319113,24.675423679010947
33,145.326,5000,468,811,566,572,0,677,9590.0,88.1557023271403,24.675423679010954
34,106.176,5000,1427,1752,1525,1532,959,1636,9590.0,88.16417155873356,24.67542367901095
35,51.168,5000,1427,1752,1525,1532,959,1636,9590.0,88.16523021268272,24.67542367901095
36,141.031,5000,600,944,698,705,132,809,9590.0,88.15533462139778,24.674584820863394
37,140.453,5000,600,944,698,705,132,809,9590.0,88.15639327093118,24.674584820863394
38,208.759,5000,1427,1752,1525,1532,959,1636,9590.0,88.16380381766506,24.674584820863394
39,115.633,5000,1427,1752,1525,1532,959,1636,9590.0,88.16486246719846,24.674584820863394
40,61.327,5000,600,944,698,705,132,809,9590.0,88.15496693245366,24.67374596485923
41,78.259,5000,600,944,698,705,132,809,9590.0,88.15602557757153,24.673745964859233
42,173.615,5000,0,0,0,2587,0,2692,9590.0,88.16353877121092,24.659485740638917
43,63.598,5000,0,0,0,2587,0,2692,9590.0,88.16459734129545,24.65948574063892
44,20.236,5000,0,0,0,2587,0,2692,9590.0,88.16317132277723,24.65864692320013
45,176.092,5000,0,0,0,2587,0,2692,9590.0,88.16422988844981,24.658646923200134
46,54.347,5000,0,683,683,3016,683,3375,9590.0,88.16625968078776,24.653614063538644
47,80.984,5000,0,683,683,3016,683,3375,9590.0,88.16731821999309,24.65361406353864
48,158.83,5000,647,2365,647,2630,2365,5000,9590.0,88.17578653363567,24.653614063538647
49,110.801,5000,0,1717,0,1982,1717,4409,9590.0,88.17464094227228,24.648581280956353
50,133.928,5000,45,1763,45,2028,1763,4455,9590.0,88.17569945501761,24.648581280956357
51,8.507,5000,0,1717,0,1982,1717,4409,9590.0,88.17427364593567,24.64774249135172
52,237.378,5000,45,1763,45,2028,1763,4455,9590.0,88.17533215427171,24.647742491351725
53,5.493,5000,1450,1450,1113,1319,4195,5000,9590.0,88.19079897036438,24.64438735433667
54,123.603,5000,1450,1450,1113,1319,4195,5000,9590.0,88.19043168301425,24.643548575433318
55,125.338,5000,1450,1450,1113,1319,4195,5000,9590.0,88.19149016930686,24.643548575433314
56,7.847,5000,2456,2456,2119,2456,5000,5000,9590.0,88.21440949579505,24.64270979866994
57,69.256,5000,1117,1117,780,986,4305,5000,9590.0,88.19287259110507,24.641871024046463
58,151.851,5000,1117,1117,780,986,4305,5000,9590.0,88.19250534089196,24.64103225156278
59,202.936,5000,991,991,654,991,4431,5000,9590.0,88.1935638139609,24.641032251562784
60,16.395,5000,567,1058,1058,421,3741,5000,9590.0,88.18684576415774,24.64019348121881
61,1.734,5000,567,1058,1058,421,3741,5000,9590.0,88.18790423281918,24.640193481218805
62,151.562,5000,991,991,654,991,4431,5000,9590.0,88.1931965761265,24.640193481218805
63,8.136,5000,567,1058,1058,421,3741,5000,9590.0,88.18647856955283,24.639354713014434
64,46.831,5000,567,1058,1058,421,3741,5000,9590.0,88.187537033807,24.639354713014434
65,187.986,5000,2268,2268,1931,2268,5000,5000,9590.0,88.21399864016165,24.639354713014434
66,185.095,5000,2556,2556,2219,2556,5000,5000,9590.0,88.21717403292419,24.639354713014434
67,14.0,5000,1351,1351,1014,1351,5000,5000,9590.0,88.20516366897992,24.638515946949582
68,244.357,5000,2268,2268,1931,2268,5000,5000,9590.0,88.21363134775682,24.63851594694958
69,37.457,5000,2268,2268,1931,2268,5000,5000,9590.0,88.21468980760389,24.63851594694958
70,188.688,5000,2556,2556,2219,2556,5000,5000,9590.0,88.21680672729815,24.63851594694958
71,224.7,5000,1351,1351,1014,1351,5000,5000,9590.0,88.20479642861888,24.63767718302416
72,73.386,5000,0,1163,1163,526,3173,5000,9590.0,88.18220173333967,24.636838421238078
73,120.341,5000,52,1110,1110,473,3226,5000,9590.0,88.18326018437322,24.636838421238068
74,77.97,5000,526,637,637,0,3700,5000,9590.0,88.18712685222258,24.63599966159123
75,196.659,5000,526,637,637,0,3700,5000,9590.0,88.18818529884966,24.635999661591228
76,115.303,5000,2967,2967,2630,2967,4722,5000,9590.0,88.21782180440806,24.635999661591235
77,101.014,5000,526,637,637,0,3700,5000,9590.0,88.18675973271996,24.63516090408353
78,51.828,5000,526,637,637,0,3700,5000,9590.0,88.18781817494077,24.635160904083527
79,65.622,5000,336,336,0,336,4465,5000,9590.0,88.19522727048647,24.635160904083534
80,100.766,5000,336,336,0,336,4465,5000,9590.0,88.19628571270731,24.63516090408353
81,103.987,5000,2967,2967,2630,2967,4722,5000,9590.0,88.21745455712359,24.63516090408353
82,133.515,5000,336,336,0,336,4465,5000,9590.0,88.19486013251704,24.63432214871489
83,173.036,5000,336,336,0,336,4465,5000,9590.0,88.19591857033177,24.634322148714894
84,46.212,5000,0,0,0,0,4128,5000,9590.0,88.19237614451258,24.63348339548523
85,168.494,5000,0,0,0,0,4128,5000,9590.0,88.19343457792147,24.63348339548522
86,20.071,5000,0,0,0,0,4128,5000,9590.0,88.19200904891943,24.632644644394425
87,181.461,5000,0,0,0,0,4128,5000,9590.0,88.19306747792265,24.632644644394432
88,220.687,5000,4603,5000,4338,4761,4338,5000,9590.0,88.29325073149099,24.631805895442415
89,132.365,5000,4603,5000,4338,4761,4338,5000,9590.0,88.29430915608874,24.631805895442415
90,28.495,5000,2301,2958,2981,3719,3971,5000,9590.0,88.2216019206605,24.63012840395436
91,115.798,5000,2301,2958,2981,3719,3971,5000,9590.0,88.22123476444811,24.629289661418127
92,185.013,5000,774,449,1419,1419,3115,5000,9590.0,88.20319902581126,24.62677344663955
93,72.684,5000,325,0,969,969,3158,5000,9590.0,88.19859843213953,24.625934712656417
94,10.944,5000,0,0,1287,1295,2832,5000,9590.0,88.19961429093259,24.623418523534898
95,16.271,5000,0,0,1287,1295,2832,5000,9590.0,88.20067267148677,24.623418523534905
96,27.669,5000,619,1275,1298,2245,2288,5000,9590.0,88.20698045195218,24.620902353653285
97,125.668,5000,619,1275,1298,2245,2288,5000,9590.0,88.20803881929719,24.620902353653282
98,52.406,5000,619,1275,1298,2245,2288,5000,9590.0,88.20767188731207,24.620063634634512
99,80.489,5000,277,885,401,2180,1947,5000,9590.0,88.20551284228097,24.617547490402217
100,191.105,5000,1377,1985,972,3280,3047,5000,9590.0,88.19773756446585,24.616708779932477
101,111.026,5000,1377,1985,972,3280,3047,5000,9590.0,88.19879590979966,24.616708779932484
102,23.911,5000,679,1287,0,2582,2349,5000,9590.0,88.20197094580105,24.61670877993248
103,1.982,5000,679,1287,0,2582,2349,5000,9590.0,88.20302929113484,24.616708779932477
104,181.089,5000,277,885,401,2180,1947,5000,9590.0,88.20514598180243,24.616708779932484
105,130.528,3480,2893,3415,2627,3050,2627,3869,9590.0,88.295105335175,24.616708779932477
106,110.744,3480,2893,3415,2627,3050,2627,3869,9590.0,88.29616368050878,24.616708779932477
107,74.803,5000,1377,1985,972,3280,3047,5000,9590.0,88.1973707515734,24.615870071599772
108,177.68,5000,1356,1963,950,3258,3025,5000,9590.0,88.19842909250555,24.61587007159977
109,106.928,5000,679,1287,0,2582,2349,5000,9590.0,88.201604115302,24.61587007159977
110,105.432,5000,679,1287,0,2582,2349,5000,9590.0,88.20266245623417,24.615870071599776
111,25.811,5000,499,1106,180,2401,2169,5000,9590.0,88.20372079716634,24.61587007159977
112,84.553,3480,2893,3415,2627,3050,2627,3869,9590.0,88.29579645826378,24.615870071599776
113,188.891,5000,720,1328,315,2623,2390,5000,9590.0,88.20123730157644,24.615031365404004
114,173.064,5000,720,1328,315,2623,2390,5000,9590.0,88.20229563810716,24.615031365404
115,121.704,5000,542,1149,137,2445,2212,5000,9590.0,88.20335397463788,24.615031365404
116,45.964,5000,0,1163,679,2458,1669,5000,9590.0,88.20652898423002,24.615031365404004
117,62.111,5000,0,1165,682,2460,1667,5000,9590.0,88.20758732076072,24.615031365404
118,236.326,5000,720,1328,315,2623,2390,5000,9590.0,88.20087050462378,24.614192661345072
119,167.27,5000,720,1328,315,2623,2390,5000,9590.0,88.20192883675323,24.614192661345076
120,106.363,5000,1040,1647,721,2943,2710,5000,9590.0,88.20298716888271,24.614192661345072
121,161.267,5000,1040,1647,721,2943,2710,5000,9590.0,88.2040455010122,24.614192661345076
122,93.415,5000,782,1389,463,2684,2451,5000,9590.0,88.20510383314166,24.614192661345076
123,59.964,5000,782,1389,463,2684,2451,5000,9590.0,88.20616216527115,24.61419266134508
124,175.325,5000,1472,4305,2689,2689,645,5000,9590.0,88.23156213637861,24.614192661345076
125,105.232,5000,1006,1613,600,2908,2675,5000,9590.0,88.19944539671499,24.6133539594229
126,154.742,5000,862,1469,543,2765,2532,5000,9590.0,88.20473703535718,24.613353959422902
127,123.975,5000,797,1404,478,2700,2467,5000,9590.0,88.20579536308563,24.6133539594229
128,247.631,5000,1224,4057,2938,2938,873,5000,9590.0,88.22907857311134,24.613353959422902
129,168.118,5000,1472,4305,2689,2689,645,5000,9590.0,88.23119522856821,24.613353959422902
130,95.764,5000,1006,1613,600,2908,2675,5000,9590.0,88.19907863770726,24.612515259637377
131,233.641,5000,1394,2001,989,3296,3064,5000,9590.0,88.20119528436247,24.612515259637387
132,184.369,5000,1394,2001,989,3296,3064,5000,9590.0,88.20225360769008,24.61251525963738
133,13.99,5000,862,1469,543,2765,2532,5000,9590.0,88.20437025434528,24.612515259637384
134,9.829,5000,862,1469,543,2765,2532,5000,9590.0,88.20542857767288,24.612515259637387
135,163.124,5000,1002,3835,2951,2951,652,5000,9590.0,88.22659504422501,24.61251525963738
136,272.22,5000,1002,3835,2951,2951,652,5000,9590.0,88.2276533675526,24.612515259637377
137,222.241,4126,1290,4126,1290,1290,1915,4455,9590.0,88.24458654079432,24.612515259637384
138,259.266,4126,1290,4126,1290,1290,1915,4455,9590.0,88.24564486412193,24.61251525963738
139,7.066,5000,1198,1805,792,3100,2867,5000,9590.0,88.19977021439755,24.611676561988425
140,218.803,5000,1198,1805,792,3100,2867,5000,9590.0,88.20082853332451,24.611676561988432
141,164.302,5000,1002,3835,2951,2951,652,5000,9590.0,88.22728650649881,24.61167656198843
142,273.962,4126,1290,4126,1290,1290,1915,4455,9590.0,88.24421960933037,24.611676561988432
143,240.848,4126,1290,4126,1290,1290,1915,4455,9590.0,88.24527792825735,24.61167656198843
144,15.356,5000,1323,1930,918,3225,2993,5000,9590.0,88.20046179905745,24.61083786647596
145,142.54,5000,1323,1930,918,3225,2993,5000,9590.0,88.20152011358398,24.610837866475954
146,8.008,5000,1323,1930,918,3225,2993,5000,9590.0,88.2000950815607,24.609999173099865
147,74.803,5000,1323,1930,918,3225,2993,5000,9590.0,88.20115339168703,24.609999173099865
148,56.432,4455,1547,4455,1547,1547,1586,4784,9590.0,88.24242748661301,24.60999917309986
149,161.24,4455,1547,4455,1547,1547,1586,4784,9590.0,88.24348579673931,24.60999917309987
150,91.855,4455,1547,4455,1547,1547,1586,4784,9590.0,88.24206060988487,24.60916048186007
151,137.123,4455,1547,4455,1547,1547,1586,4784,9590.0,88.24311891561116,24.60916048186007
152,225.727,5000,1655,4488,2298,2298,0,5000,9590.0,88.2311107366695,24.60832179275646
153,94.21,5000,1655,4488,2298,2298,0,5000,9590.0,88.23216903799593,24.608321792756467
154,255.921,3592,756,3592,756,756,2048,3921,9590.0,88.24804355789269,24.608321792756467
155,232.51,3592,756,3592,756,756,2048,3921,9590.0,88.24910185921914,24.608321792756463
156,218.473,5000,1038,2206,1405,3501,2703,5000,9590.0,88.2028615493757,24.60664442095748
157,226.386,5000,1038,2206,1405,3501,2703,5000,9590.0,88.20391984190309,24.606644420957483
158,92.42,5000,0,2832,2349,3151,0,5000,9590.0,88.21942750817618,24.605805738261925
159,134.956,5000,0,2832,2349,3151,0,5000,9590.0,88.22048579630433,24.60580573826192
160,2.732,4278,1568,4278,1568,1834,2734,4607,9590.0,88.26810876207192,24.605805738261918
161,0.047,4278,1568,4278,1568,1834,2734,4607,9590.0,88.26916705020008,24.60580573826192
162,29.535,4278,1568,4278,1568,1834,2734,4607,9590.0,88.26774185485,24.604967057702186
163,4.805,4278,1568,4278,1568,1834,2734,4607,9590.0,88.26880013857915,24.604967057702183
164,123.651,4661,1581,4661,1581,1581,717,4990,9590.0,88.23668486382859,24.604128379278194
165,134.014,4661,1581,4661,1581,1581,717,4990,9590.0,88.2377431431589,24.60412837927819
166,42.536,4661,1581,4661,1581,1581,717,4990,9590.0,88.23631811772566,24.603289702989844
167,122.567,4661,1581,4661,1581,1581,717,4990,9590.0,88.23737639265735,24.603289702989837
168,120.824,2799,15,2799,15,280,1255,3128,9590.0,88.25325051663282,24.60328970298984
169,113.758,2793,83,2793,83,349,1249,3122,9590.0,88.25430879156454,24.60328970298984
170,139.289,4328,1248,4328,1248,1248,1050,4657,9590.0,88.23806792946212,24.602451028837045
171,41.971,4328,1248,4328,1248,1248,1050,4657,9590.0,88.2391261999954,24.602451028837045
172,136.228,3080,0,3080,0,0,1536,3409,9590.0,88.25076717586145,24.602451028837045
173,138.489,2807,7,2807,7,273,1262,3136,9590.0,88.252883716928,24.602451028837045
174,53.653,2726,88,2726,88,354,1181,3054,9590.0,88.2539419874613,24.60245102883705
175,110.273,1430,843,1366,577,1000,577,1820,9590.0,88.28357356239306,24.60245102883705
176,120.542,4398,1318,4398,1318,1318,980,4727,9590.0,88.23770120810785,24.601612356819707
177,21.197,4328,1248,4328,1248,1248,1050,4657,9590.0,88.23875947424291,24.60161235681971
178,145.413,3716,635,3716,635,635,1662,4044,9590.0,88.2440508049182,24.60161235681971
179,94.116,3716,635,3716,635,635,1662,4044,9590.0,88.24510907105325,24.601612356819704
180,188.514,3080,0,3080,0,0,1536,3409,9590.0,88.25040040172857,24.601612356819704
181,97.272,3080,0,3080,0,0,1536,3409,9590.0,88.2514586678636,24.601612356819707
182,78.477,734,240,438,673,1286,435,1824,9590.0,88.27368225669984,24.601612356819707
183,161.24,721,227,526,585,1272,347,1910,9590.0,88.2747405228349,24.601612356819707
184,217.484,702,208,589,522,1253,284,1913,9590.0,88.27579878896995,24.601612356819704
185,221.535,825,331,756,354,1376,117,2036,9590.0,88.27685705510501,24.601612356819707
186,185.17,805,310,777,334,1356,97,2016,9590.0,88.27791532124007,24.601612356819704
187,113.335,999,504,975,191,1267,191,2087,9590.0,88.27897358737515,24.601612356819707
188,129.35,1076,581,1056,223,1186,223,2006,9590.0,88.2800318535102,24.60161235681971
189,41.782,1346,759,1281,493,916,493,1736,9590.0,88.28214838578032,24.60161235681971
190,12.294,1430,843,1366,577,1000,577,1820,9590.0,88.28320665191536,24.60161235681971
191,5.653,984,976,581,984,482,1165,1800,9590.0,88.26908235563691,24.60077368693774
192,39.898,984,976,581,984,482,1165,1800,9590.0,88.27014061737394,24.600773686937742
193,234.489,734,240,396,678,1260,440,1783,9590.0,88.27331540258506,24.60077368693774
194,185.405,620,126,585,577,1171,339,1831,9590.0,88.2743736643221,24.600773686937742
195,187.289,620,126,585,577,1171,339,1831,9590.0,88.27543192605916,24.60077368693774
196,192.801,544,49,544,401,1095,164,1754,9590.0,88.27649018779617,24.60077368693774
197,152.29,708,213,708,237,1259,0,1919,9590.0,88.27754844953323,24.60077368693774
198,151.772,899,404,899,46,1363,46,2110,9590.0,88.27860671127029,24.60077368693774
199,105.185,923,428,923,70,1340,70,2133,9590.0,88.2796649730073,24.600773686937742
200,31.419,1031,536,1031,178,1448,178,2242,9590.0,88.28072323474433,24.60077368693774
201,97.554,1153,822,750,816,313,1194,1969,9590.0,88.26765727855258,24.59993501919105
202,167.128,984,976,581,984,482,1165,1800,9590.0,88.26871553589179,24.59993501919105
203,207.026,984,976,581,984,482,1165,1800,9590.0,88.26977379323101,24.59993501919105
204,108.86,710,216,304,667,1213,430,1691,9590.0,88.2729485652487,24.59993501919105
205,151.914,658,163,408,614,1184,377,1753,9590.0,88.27400682258792,24.59993501919105
206,150.406,534,40,517,441,1085,204,1745,9590.0,88.27506507992713,24.599935019191047
207,125.488,494,0,494,451,1045,213,1705,9590.0,88.27612333726636,24.599935019191054
208,124.263,708,213,708,237,1259,0,1919,9590.0,88.27718159460557,24.599935019191047
209,254.979,899,404,899,46,1363,46,2110,9590.0,88.2782398519448,24.59993501919105
210,178.669,914,420,914,30,1379,30,2125,9590.0,88.27929810928403,24.59993501919105
211,163.313,1051,557,1051,106,1516,106,2262,9590.0,88.28035636662325,24.59993501919105
212,81.821,1724,401,1724,773,740,773,2348,9590.0,88.2598827093909,24.599096353579547
213,87.521,1724,401,1724,773,740,773,2348,9590.0,88.2609409623325,24.599096353579544
214,112.628,1259,508,1064,845,0,880,2056,9590.0,88.26517397409893,24.59909635357954
215,179.093,1153,822,750,816,313,1194,1969,9590.0,88.26729047998214,24.59909635357954
216,240.377,1057,911,723,696,433,1238,1873,9590.0,88.26834873292376,24.599096353579547
217,146.025,887,879,485,887,579,1068,1703,9590.0,88.26940698586534,24.599096353579547
218,199.442,887,879,485,887,579,1068,1703,9590.0,88.27046523880696,24.59909635357954
219,279.851,652,582,187,652,876,796,1574,9590.0,88.27152349174857,24.599096353579544
220,209.711,572,502,107,572,957,715,1493,9590.0,88.27258174469017,24.59909635357955
221,164.585,681,304,216,681,1125,517,1603,9590.0,88.27363999763178,24.599096353579547
222,189.174,341,153,341,341,965,367,1552,9590.0,88.2746982505734,24.59909635357954
223,179.658,377,116,377,377,928,330,1588,9590.0,88.27575650351498,24.599096353579544
224,220.969,1084,589,1084,138,1548,138,2294,9590.0,88.27998951528141,24.599096353579547
225,182.861,1084,589,1084,138,1548,138,2294,9590.0,88.28104776822302,24.599096353579547
226,16.393,2241,9,2241,582,237,692,2565,9590.0,88.2552829642019,24.598257690103136
227,104.903,2301,69,2301,646,190,646,2519,9590.0,88.2563412127461,24.598257690103125
228,137.97,1239,487,1085,824,20,860,2035,9590.0,88.26480720109961,24.59825769010313
229,221.488,1057,911,723,696,433,1238,1873,9590.0,88.2679819467322,24.598257690103136
230,236.137,1019,1011,616,802,540,1200,1835,9590.0,88.26904019527639,24.598257690103132
231,180.977,757,750,355,757,709,938,1573,9590.0,88.27009844382059,24.59825769010313
232,217.766,612,542,148,612,916,756,1534,9590.0,88.27115669236477,24.598257690103136
233,244.522,518,505,53,518,962,719,1440,9590.0,88.27221494090897,24.598257690103125
234,156.012,644,341,179,644,1088,555,1566,9590.0,88.27327318945315,24.598257690103136
235,165.15,341,153,341,341,965,367,1552,9590.0,88.27433143799735,24.598257690103125
236,91.525,341,153,341,341,965,367,1552,9590.0,88.27538968654154,24.598257690103132
237,233.923,643,0,745,258,380,0,1198,9590.0,88.28068092926249,24.598257690103136
238,125.064,939,295,818,554,453,295,1272,9590.0,88.28385567489507,24.598257690103132
239,86.061,2301,69,2301,646,190,646,2519,9590.0,88.25491624755284,24.597419028761713
240,40.793,2301,69,2301,646,190,646,2519,9590.0,88.25597449169982,24.597419028761706
241,106.834,1267,159,1200,532,348,532,2063,9590.0,88.26338220072867,24.59741902876171
242,186.724,1267,159,1200,532,348,532,2063,9590.0,88.26444044487565,24.597419028761713
243,153.939,1089,337,1022,674,170,710,1885,9590.0,88.26549868902264,24.597419028761713
244,243.862,653,639,188,653,909,853,1544,9590.0,88.27078990975751,24.597419028761713
245,216.165,653,639,188,653,909,853,1544,9590.0,88.27184815390449,24.59741902876171
246,154.222,464,520,0,464,908,734,1386,9590.0,88.27290639805148,24.597419028761713
247,135.097,643,0,745,258,380,0,1198,9590.0,88.2803141070803,24.59741902876171
248,172.828,939,295,818,554,453,295,1272,9590.0,88.28348883952124,24.597419028761713
249,63.969,2127,0,2127,455,0,455,2328,9590.0,88.2566660271767,24.596580369555202
250,87.427,2127,0,2127,455,0,455,2328,9590.0,88.25772426692669,24.596580369555205
251,202.127,1323,0,1323,372,372,372,1947,9590.0,88.26301546567649,24.596580369555202
252,143.67,1089,337,1022,674,170,710,1885,9590.0,88.26407370542647,24.596580369555202
253,171.98,1128,298,1062,670,210,670,1924,9590.0,88.2651319451764,24.596580369555202
254,274.198,573,795,343,573,754,754,1389,9590.0,88.26936490417627,24.596580369555202
255,192.235,573,795,343,573,754,754,1389,9590.0,88.27042314392627,24.596580369555205
256,258.653,653,639,188,653,909,853,1544,9590.0,88.27148138367622,24.596580369555202
257,124.875,1949,177,1949,278,177,278,2151,9590.0,88.25841580598575,24.595741712483505
258,180.6,1323,0,1323,372,372,372,1947,9590.0,88.26264874739839,24.59574171248351
259,180.742,1148,175,1148,547,366,547,1772,9590.0,88.26370698275154,24.59574171248351
260,187.807,1148,175,1148,547,366,547,1772,9590.0,88.26476521810466,24.59574171248351
261,240.094,750,578,684,362,509,921,1556,9590.0,88.26793992416412,24.595741712483505
262,196.569,468,797,434,468,649,649,1284,9590.0,88.27005639487044,24.59574171248351
263,147.768,444,773,444,444,625,625,1260,9590.0,88.2711146302236,24.59574171248351
264,119.6,247,682,247,247,691,822,1169,9590.0,88.27217286557675,24.59574171248351
265,79.231,0,494,0,0,732,708,1210,9590.0,88.27323110092989,24.59574171248351
266,156.012,0,494,0,0,732,708,1210,9590.0,88.27428933628306,24.59574171248351
267,19.925,0,579,122,385,507,501,554,9590.0,88.27746404234252,24.59574171248351
268,78.995,385,193,487,0,121,115,940,9590.0,88.28063874840196,24.595741712483505
269,67.407,385,193,487,0,121,115,940,9590.0,88.28169698375513,24.59574171248351
270,81.35,713,133,583,327,217,211,1037,9590.0,88.28275521910828,24.59574171248351
271,123.886,713,133,583,327,217,211,1037,9590.0,88.28381345446144,24.59574171248351
272,25.814,3091,817,1483,0,3040,1791,3116,9590.0,88.2933375726398,24.59574171248351
273,134.532,3091,817,1483,0,3040,1791,3116,9590.0,88.29439580799297,24.59574171248351
274,66.95,1949,177,1949,278,177,278,2151,9590.0,88.25804912206758,24.59490305754654
275,148.616,1844,172,1844,172,172,172,2045,9590.0,88.25910735302409,24.594903057546542
276,195.768,1148,175,1148,547,366,547,1772,9590.0,88.26334027685027,24.59490305754654
277,196.569,1148,175,1148,547,366,547,1772,9590.0,88.26439850780683,24.594903057546542
278,194.873,950,297,950,391,505,745,1574,9590.0,88.26545673876336,24.594903057546542
279,263.505,912,335,912,353,544,739,1536,9590.0,88.2665149697199,24.59490305754654
280,255.309,791,457,791,231,613,807,1442,9590.0,88.26757320067644,24.59490305754654
281,204.671,723,524,723,289,681,740,1375,9590.0,88.26863143163298,24.59490305754654
282,194.92,571,677,571,441,590,590,1225,9590.0,88.26968966258953,24.59490305754654
283,100.663,530,686,530,493,539,539,1174,9590.0,88.27074789354607,24.594903057546542
284,60.954,278,713,278,278,722,791,1200,9590.0,88.2718061245026,24.594903057546542
285,70.139,144,579,144,144,588,790,1066,9590.0,88.27286435545916,24.594903057546542
286,12.247,0,579,122,385,507,501,554,9590.0,88.27709727928533,24.594903057546542
287,69.103,122,478,0,431,394,394,431,9590.0,88.27815551024185,24.594903057546535
288,83.329,504,81,374,118,2,0,825,9590.0,88.28133020311148,24.59490305754654
289,102.171,579,0,449,193,84,78,903,9590.0,88.28238843406805,24.59490305754654
290,105.138,713,133,583,327,217,211,1037,9590.0,88.2834466650246,24.594903057546542
291,36.883,3091,817,1483,0,3040,1791,3116,9590.0,88.29297074363346,24.59490305754654
292,138.536,3091,817,1483,0,3040,1791,3116,9590.0,88.29402897459,24.59490305754654
293,35.187,3238,1064,1631,401,2837,1938,3264,9590.0,88.29720366745963,24.594903057546535
294,0.236,3238,1064,1631,401,2837,1938,3264,9590.0,88.29826189841617,24.59490305754654
295,64.487,3044,837,3044,1373,1052,1373,3033,9590.0,88.25027486900056,24.59406440474421
296,142.351,1671,0,1671,0,0,0,1873,9590.0,88.25979890804174,24.594064404744206
297,221.817,1637,33,1637,33,33,33,1839,9590.0,88.2608571346019,24.59406440474421
298,174.006,1604,67,1604,67,67,67,1805,9590.0,88.26191536116201,24.594064404744202
299,241.413,874,374,874,314,582,733,1498,9590.0,88.26614826740254,24.594064404744206
300,229.684,796,452,796,236,608,812,1447,9590.0,88.26720649396269,24.5940644047442
301,268.781,790,633,790,398,631,631,1266,9590.0,88.26826472052282,24.594064404744206
302,173.017,696,686,696,491,538,538,1173,9590.0,88.26932294708296,24.594064404744206
303,167.741,642,574,642,404,427,427,1062,9590.0,88.27038117364309,24.594064404744206
304,34.999,122,478,0,431,394,394,431,9590.0,88.27673053300391,24.594064404744206
305,66.701,122,478,0,431,394,394,431,9590.0,88.27778875956402,24.59406440474421
306,0.0,3238,1064,1631,401,2837,1938,3264,9590.0,88.29683683764642,24.59406440474421
307,0.0,3238,1064,1631,401,2837,1938,3264,9590.0,88.29789506420654,24.59406440474421
308,97.46,3044,837,3044,1373,1052,1373,3033,9590.0,88.2488500272356,24.593225754076407
309,144.565,3023,815,3023,1351,1031,1351,3011,9590.0,88.24990824939952,24.5932257540764
310,83.706,2872,925,2872,1200,1140,1200,2860,9590.0,88.25096647156347,24.593225754076407
311,12.718,2872,925,2872,1200,1140,1200,2860,9590.0,88.25202469372739,24.593225754076407
312,186.865,1604,67,1604,67,67,67,1805,9590.0,88.26049047103878,24.593225754076403
313,159.497,1604,67,1604,67,67,67,1805,9590.0,88.26154869320268,24.593225754076407
314,141.55,1409,220,1409,262,11,262,1610,9590.0,88.26260691536665,24.593225754076407
315,84.695,1397,208,1397,274,0,274,1598,9590.0,88.26366513753055,24.593225754076407
316,144.754,1189,0,1189,276,208,482,1390,9590.0,88.26472335969447,24.593225754076407
317,250.834,1136,52,1136,224,260,535,1376,9590.0,88.2657815818584,24.593225754076407
318,246.218,1027,161,1027,115,369,502,1267,9590.0,88.26683980402231,24.593225754076403
319,197.935,790,633,790,398,631,631,1266,9590.0,88.26789802618626,24.593225754076407
320,176.597,696,686,696,491,538,538,1173,9590.0,88.26895624835018,24.593225754076407
321,202.316,642,574,642,404,427,427,1062,9590.0,88.2700144705141,24.593225754076403
322,132.412,627,455,627,284,307,307,942,9590.0,88.271072692678,24.5932257540764
323,39.992,2872,925,2872,1200,1140,1200,2860,9590.0,88.25059986433604,24.592387105543054
324,26.096,2872,925,2872,1200,1140,1200,2860,9590.0,88.25165808210397,24.592387105543047
325,177.821,1979,308,1979,308,308,308,2181,9590.0,88.25906560647938,24.592387105543054
326,115.266,1397,208,1397,274,0,274,1598,9590.0,88.26224025978313,24.59238710554305
327,203.682,1397,208,1397,274,0,274,1598,9590.0,88.26329847755105,24.592387105543057
328,161.523,1189,0,1189,276,208,482,1390,9590.0,88.26435669531897,24.592387105543054
329,131.517,1162,26,1162,250,234,508,1383,9590.0,88.2654149130869,24.592387105543057
330,136.416,1027,175,1027,115,383,489,1253,9590.0,88.26647313085479,24.59238710554305
331,184.887,912,276,912,0,485,591,1226,9590.0,88.26753134862274,24.592387105543054
332,196.993,627,455,627,284,307,307,942,9590.0,88.26964778415855,24.59238710554305
333,139.902,627,455,627,284,307,307,942,9590.0,88.27070600192646,24.59238710554305
334,128.031,448,275,448,448,284,486,762,9590.0,88.27176421969438,24.59238710554305
335,68.962,448,275,448,448,284,486,762,9590.0,88.2728224374623,24.59238710554305
336,168.118,1002,422,872,578,506,500,1326,9590.0,88.28446283290938,24.592387105543054
337,80.031,1002,422,872,578,506,500,1326,9590.0,88.2855210506773,24.592387105543047
338,188.514,1979,308,1979,308,308,308,2181,9590.0,88.25869898085477,24.591548459144057
339,60.624,1979,308,1979,308,308,308,2181,9590.0,88.25975719422688,24.591548459144054
340,112.298,1056,178,1056,143,387,447,1211,9590.0,88.26610647445956,24.591548459144057
341,154.551,1123,246,1123,211,379,379,1144,9590.0,88.26716468783167,24.59154845914405
342,138.018,428,0,0,0,377,0,454,9590.0,88.28197967504123,24.591548459144057
343,150.877,2180,508,2180,508,508,508,2168,9590.0,88.25727416302404,24.590709814879318
344,208.958,2180,508,2180,508,508,508,2168,9590.0,88.25833237200052,24.590709814879315
345,139.996,25,454,431,0,477,25,0,9590.0,88.27738013357762,24.59070981487931
346,204.106,0,428,406,25,503,0,25,9590.0,88.27843834255414,24.59070981487931
347,142.257,3461,1320,3461,1790,1536,1790,3450,9590.0,88.24844193868611,24.58987117274875
348,131.705,2180,508,2180,508,508,508,2168,9590.0,88.25690757533494,24.58987117274875
349,183.38,2180,508,2180,508,508,508,2168,9590.0,88.25796577991603,24.589871172748747
350,99.533,1957,744,2003,744,606,744,1932,9590.0,88.25902398449715,24.589871172748754
351,96.33,1957,744,2003,744,606,744,1932,9590.0,88.26008218907823,24.58987117274875
352,112.44,1767,616,1813,690,415,690,1741,9590.0,88.26114039365936,24.58987117274875
353,121.908,1767,616,1813,690,415,690,1741,9590.0,88.26219859824045,24.589871172748747
354,72.871,790,277,935,591,0,0,764,9590.0,88.26960603030815,24.589871172748758
355,185.97,790,277,935,591,0,0,764,9590.0,88.27066423488927,24.58987117274875
356,223.843,508,4,728,482,4,281,482,9590.0,88.27278064405145,24.58987117274875
357,118.516,503,9,732,477,0,286,477,9590.0,88.27383884863256,24.58987117274875
358,16.722,2672,498,1065,967,2271,1372,2698,9590.0,88.29711934941682,24.589871172748747
359,3.156,2680,506,1073,959,2279,1380,2706,9590.0,88.2981775539979,24.58987117274875
360,180.082,3461,1320,3461,1790,1536,1790,3450,9590.0,88.2480754029277,24.58903253275227
361,60.059,1767,616,1813,690,415,690,1741,9590.0,88.26077380515846,24.589032532752263
362,168.447,1767,616,1813,690,415,690,1741,9590.0,88.26183200534437,24.589032532752267
363,173.299,1410,259,1555,657,620,620,1384,9590.0,88.26500660590207,24.589032532752267
364,147.533,1271,121,1416,518,481,481,1245,9590.0,88.26606480608795,24.589032532752267
365,218.708,1271,121,1416,518,481,481,1245,9590.0,88.26712300627388,24.589032532752267
366,211.878,1151,1,1296,565,361,361,1125,9590.0,88.26818120645979,24.589032532752263
367,162.701,911,239,1056,712,121,121,885,9590.0,88.27029760683156,24.589032532752267
368,107.164,787,191,358,191,736,191,813,9590.0,88.28405420924823,24.58903253275226
369,147.862,2664,490,1056,976,2262,1364,2690,9590.0,88.29675261147904,24.589032532752267
370,74.708,2664,490,1056,976,2262,1364,2690,9590.0,88.29781081166493,24.589032532752263
371,127.937,2875,1203,2875,1203,1203,1203,2863,9590.0,88.2540580586815,24.588193894889756
372,143.199,1404,253,1549,651,614,614,1378,9590.0,88.26464001659048,24.588193894889766
373,194.685,1271,121,1416,518,481,481,1245,9590.0,88.26569821238138,24.588193894889763
374,175.466,1271,121,1416,518,481,481,1245,9590.0,88.26675640817227,24.588193894889766
375,240.659,1152,2,1297,563,362,362,1127,9590.0,88.26781460396317,24.588193894889766
376,146.214,911,239,1056,712,121,121,885,9590.0,88.26993099554495,24.588193894889766
377,51.768,787,191,358,191,736,191,813,9590.0,88.2836875408266,24.588193894889763
378,117.527,2273,0,666,817,2222,973,2299,9590.0,88.2932113029447,24.588193894889766
379,149.982,2875,1203,2875,1203,1203,1203,2863,9590.0,88.25369153008744,24.58735525916116
380,253.331,2657,985,2657,985,985,985,2645,9590.0,88.25580791287965,24.587355259161164
381,77.205,2590,918,2590,918,918,918,2578,9590.0,88.25686610427573,24.587355259161164
382,66.135,978,0,550,0,927,0,1004,9590.0,88.28437908057421,24.58735525916116
383,181.448,978,0,550,0,927,0,1004,9590.0,88.28543727197032,24.58735525916116
384,24.447,2273,0,666,817,2222,973,2299,9590.0,88.292844611743,24.587355259161164
385,66.654,2425,517,817,1215,2023,1125,2450,9590.0,88.29601918593127,24.58735525916116
386,72.353,2425,517,817,1215,2023,1125,2450,9590.0,88.29707737732738,24.587355259161157
387,193.036,2819,1147,2819,1147,1147,1147,2807,9590.0,88.25438320526187,24.58651662556635
388,231.851,2657,985,2657,985,985,985,2645,9590.0,88.25544139226336,24.586516625566354
389,210.277,2619,948,2619,948,948,948,2608,9590.0,88.25649957926484,24.58651662556635
390,142.681,2341,1128,2387,1128,990,1128,2315,9590.0,88.25967414026934,24.586516625566354
391,199.49,1204,531,1349,1005,413,413,1178,9590.0,88.2702560102843,24.586516625566354
392,169.295,2819,1147,2819,1147,1147,1147,2807,9590.0,88.2540167058068,24.585677994105257
393,79.654,2819,1147,2819,1147,1147,1147,2807,9590.0,88.25507488841389,24.58567799410525
394,191.576,1204,531,1349,1005,413,413,1178,9590.0,88.26988944491326,24.58567799410525
395,177.397,1025,531,1254,999,521,708,999,9590.0,88.27306399273455,24.585677994105254
396,101.888,1299,321,307,321,1248,0,1325,9590.0,88.28682036662683,24.585677994105257
397,126.712,2006,98,399,1027,1955,706,2032,9590.0,88.29211127966231,24.585677994105257
398,270.1,2006,98,399,1027,1955,706,2032,9590.0,88.29316946226939,24.58567799410525
399,200.432,1025,531,1254,999,521,708,999,9590.0,88.27269743094999,24.58483936477778
400,138.583,1299,321,307,321,1248,0,1325,9590.0,88.28645374771769,24.58483936477778
401,182.673,1299,321,307,321,1248,0,1325,9590.0,88.28751192593059,24.584839364777782
402,139.996,1607,300,0,628,1556,307,1633,9590.0,88.28962828235638,24.584839364777782
403,134.249,2006,98,399,1027,1955,706,2032,9590.0,88.29174463878219,24.58483936477778
404,132.506,1914,6,306,935,1863,614,1940,9590.0,88.29280281699508,24.58483936477778
405,163.501,1502,830,1647,1303,712,712,1477,9590.0,88.27021453829676,24.58400073758383
406,196.993,1502,830,1647,1303,712,712,1477,9590.0,88.27127271211569,24.58400073758383
407,140.373,1480,501,204,501,1429,180,1506,9590.0,88.28714531939923,24.58400073758383
408,194.873,1480,501,204,501,1429,180,1506,9590.0,88.2882034932181,24.58400073758383
409,173.158,1607,300,0,628,1556,307,1633,9590.0,88.28926166703702,24.584000737583832
410,80.832,1607,300,0,628,1556,307,1633,9590.0,88.29031984085591,24.58400073758383
411,7.819,1920,13,313,941,1869,620,1946,9590.0,88.29243618849372,24.584000737583832
412,72.918,3250,1578,3250,1578,1578,1578,3238,9590.0,88.25080096918562,24.58316211252331
413,206.131,3250,1578,3250,1578,1578,1578,3238,9590.0,88.25185913861073,24.583162112523315
414,191.34,2190,1040,2335,1606,1400,1400,2164,9590.0,88.26244083286178,24.583162112523308
415,238.869,1982,832,2128,1398,1192,1192,1957,9590.0,88.26455717171201,24.583162112523308
416,187.855,1821,671,1966,1237,1031,1031,1796,9590.0,88.26561534113713,24.583162112523315
417,247.301,1821,671,1966,1237,1031,1031,1796,9590.0,88.26667351056223,24.58316211252331
418,225.963,1525,853,1670,1326,735,735,1499,9590.0,88.26984801883754,24.58316211252331
419,252.907,1502,830,1647,1303,712,712,1477,9590.0,88.27090618826266,24.58316211252331
420,128.502,1480,501,204,501,1429,180,1506,9590.0,88.28783689906435,24.58316211252331
421,256.439,2199,1048,2344,1614,1409,1409,2173,9590.0,88.26207436092535,24.58232348959613
422,222.995,2190,1040,2335,1606,1400,1400,2164,9590.0,88.26313252595686,24.58232348959613
423,98.968,1821,671,1966,1237,1031,1031,1796,9590.0,88.26524885601991,24.58232348959613
424,95.906,1821,671,1966,1237,1031,1031,1796,9590.0,88.26630702105139,24.582323489596124
425,90.913,1749,967,1894,1533,958,958,1723,9590.0,88.26842335111441,24.582323489596124
426,225.915,1749,967,1894,1533,958,958,1723,9590.0,88.26948151614593,24.58232348959613
427,88.133,2905,1755,3050,2085,1947,2085,2879,9590.0,88.25535894192588,24.5814848688022
428,195.862,2868,1717,3013,2048,1910,2048,2842,9590.0,88.256417102564,24.5814848688022
429,198.029,2640,1490,2785,1820,1682,1820,2615,9590.0,88.25853342384023,24.581484868802196
430,259.266,2533,1383,2678,1713,1575,1713,2507,9590.0,88.25959158447833,24.5814848688022
431,42.347,1749,967,1894,1533,958,958,1723,9590.0,88.26805686958328,24.581484868802196
432,230.72,1755,973,1900,1539,965,965,1729,9590.0,88.26911503022141,24.5814848688022
433,182.956,1697,1122,1926,1595,1004,1004,1671,9590.0,88.27017319085954,24.581484868802196
434,99.815,1697,1122,1926,1595,1004,1004,1671,9590.0,88.27123135149765,24.5814848688022
435,253.943,1431,937,1660,1405,927,1003,1405,9590.0,88.27228951213577,24.5814848688022
436,18.277,4531,2774,4676,3098,2989,3098,4505,9590.0,88.24017834245045,24.580646250141424
437,178.151,4229,2472,4374,2797,2687,2797,4203,9590.0,88.24335281118525,24.580646250141427
438,147.156,3249,2074,3394,2074,2074,2074,3223,9590.0,88.25287621738954,24.58064625014142
439,293.982,3070,1920,3215,2250,2112,2250,3044,9590.0,88.25393437363448,24.580646250141424
440,159.262,3070,1920,3215,2250,2112,2250,3044,9590.0,88.25499252987942,24.58064625014142
441,190.021,2905,1755,3050,2085,1947,2085,2879,9590.0,88.25605068612433,24.580646250141424
442,130.245,2640,1490,2785,1820,1682,1820,2615,9590.0,88.25816699861419,24.58064625014142
443,229.542,2533,1383,2678,1713,1575,1713,2507,9590.0,88.2592251548591,24.58064625014142
444,51.015,1697,1122,1926,1595,1004,1004,1671,9590.0,88.26980671730836,24.58064625014142
445,61.708,1697,1122,1926,1595,1004,1004,1671,9590.0,88.2708648735533,24.58064625014142
446,120.918,1602,1107,1831,1576,1098,1099,1576,9590.0,88.2719230297982,24.580646250141424
447,82.198,4531,2774,4676,3098,2989,3098,4505,9590.0,88.23981200866923,24.57980763361371
448,195.627,4218,2461,4363,2786,2677,2786,4193,9590.0,88.24298646422504,24.579807633613715
449,111.592,3533,2100,3678,2100,2100,2100,3507,9590.0,88.24933537533664,24.579807633613715
450,225.491,3533,2100,3678,2100,2100,2100,3507,9590.0,88.25039352718855,24.57980763361371
451,276.647,3396,1963,3541,1963,1963,1963,3370,9590.0,88.25145167904049,24.57980763361371
452,199.866,3249,2074,3394,2074,2074,2074,3223,9590.0,88.25250983089244,24.57980763361372
453,192.188,3104,1953,3249,2284,2146,2284,3078,9590.0,88.25674243830017,24.579807633613715
454,218.473,2726,1575,2871,1906,1768,1906,2700,9590.0,88.25991689385597,24.579807633613715
455,280.463,2726,1575,2871,1906,1768,1906,2700,9590.0,88.26097504570791,24.579807633613715
456,148.051,2950,1799,3095,2130,1992,2130,2924,9590.0,88.26203319755983,24.579807633613715
457,157.66,2011,1229,2156,1796,1221,1221,1985,9590.0,88.2673239568195,24.57980763361371
458,43.384,2011,1229,2156,1796,1221,1221,1985,9590.0,88.26838210867143,24.57980763361371
459,106.127,1602,1107,1831,1576,1098,1099,1576,9590.0,88.27049841237529,24.57980763361371
460,83.8,1602,1107,1831,1576,1098,1099,1576,9590.0,88.27155656422725,24.57980763361371
461,181.543,3104,1953,3249,2284,2146,2284,3078,9590.0,88.25637605099428,24.57896901921897
462,129.821,2726,1575,2871,1906,1768,1906,2700,9590.0,88.25955049337172,24.578969019218977
463,302.885,2839,1689,2984,2019,1881,2019,2813,9590.0,88.26060864083087,24.57896901921898
464,140.279,2950,1799,3095,2130,1992,2130,2924,9590.0,88.26166678829001,24.578969019218974
465,133.637,2011,1229,2156,1796,1221,1221,1985,9590.0,88.26695752558571,24.578969019218977
466,55.301,2011,1229,2156,1796,1221,1221,1985,9590.0,88.26801567304486,24.57896901921898
467,117.15,2127,1148,851,1148,2076,827,2153,9590.0,88.283887884932,24.57896901921897
468,86.061,2127,1148,851,1148,2076,827,2153,9590.0,88.28494603239113,24.578969019218977
469,36.365,2152,1112,876,880,880,852,2178,9590.0,88.291294917146,24.578969019218977
470,52.428,2152,1112,876,880,880,852,2178,9590.0,88.29235306460514,24.578969019218977
471,55.537,4484,2728,4630,3052,2943,3052,4459,9590.0,88.24225382058592,24.57813040695712
472,75.18,4484,2728,4630,3052,2943,3052,4459,9590.0,88.24331196365247,24.578130406957122
473,159.78,3660,2228,3805,2228,2228,2228,3634,9590.0,88.25071896511831,24.57813040695712
474,219.603,3660,2228,3805,2228,2228,2228,3634,9590.0,88.25177710818488,24.578130406957122
475,129.68,2982,1832,3127,2162,2024,2162,2957,9590.0,88.25918410965075,24.57813040695712
476,154.033,2839,1689,2984,2019,1881,2019,2813,9590.0,88.2602422527173,24.57813040695712
477,208.063,2279,1497,2424,2064,1489,1489,2253,9590.0,88.26553296805005,24.57813040695712
478,163.077,2265,1483,2410,2049,1475,1475,2239,9590.0,88.26659111111661,24.578130406957122
479,67.784,2127,1148,851,1148,2076,827,2153,9590.0,88.28352140018147,24.57813040695712
480,92.184,2127,1148,851,1148,2076,827,2153,9590.0,88.28457954324801,24.578130406957126
481,15.639,2152,1112,876,880,880,852,2178,9590.0,88.29092840164734,24.578130406957122
482,5.323,2152,1112,876,880,880,852,2178,9590.0,88.2919865447139,24.578130406957122
483,250.08,3755,2322,3900,2322,2322,2322,3729,9590.0,88.2503526332992,24.57729179682806
484,199.631,3660,2228,3805,2228,2228,2228,3634,9590.0,88.25141077197335,24.577291796828057
485,206.697,3156,2005,3301,2336,2198,2336,3130,9590.0,88.25775960401832,24.577291796828057
486,208.487,2982,1832,3127,2162,2024,2162,2957,9590.0,88.2588177426925,24.577291796828057
487,180.459,2982,1832,3127,2162,2024,2162,2957,9590.0,88.25987588136665,24.57729179682806
488,199.49,2342,1561,2487,2127,1552,1552,2317,9590.0,88.26516657473748,24.577291796828057
489,271.607,2311,1529,2456,2095,1521,1521,2285,9590.0,88.26622471341166,24.57729179682806
490,133.825,2683,1901,2197,2273,1893,1893,2657,9590.0,88.2736316841308,24.57729179682806
491,174.241,3569,629,1110,629,878,1006,3595,9590.0,88.29796887363656,24.577291796828057
492,179.282,3878,2446,4023,2446,2446,2446,3852,9590.0,88.24998631824062,24.57645318883169
493,149.747,3878,2446,4023,2446,2446,2446,3852,9590.0,88.25104445252259,24.57645318883169
494,175.702,3495,2344,3640,2610,2536,2610,3469,9590.0,88.25527698965051,24.57645318883169
495,222.759,3189,2039,3334,2369,2231,2369,3164,9590.0,88.25739325821446,24.576453188831685
496,166.704,3156,2005,3301,2336,2198,2336,3130,9590.0,88.25845139249644,24.576453188831692
497,166.657,2705,1924,2850,2490,1915,1915,2680,9590.0,88.2669164667522,24.576453188831685
498,113.853,2573,1791,2718,2357,1783,1783,2547,9590.0,88.26797460103421,24.57645318883169
499,2.921,2573,1791,2718,2357,1783,1783,2547,9590.0,88.2690327353162,24.576453188831685
500,11.399,2683,1901,2197,2273,1893,1893,2657,9590.0,88.27326527244409,24.57645318883169
501,219.132,2397,1850,1775,1850,1893,1750,2371,9590.0,88.277497809572,24.576453188831685
502,131.611,2397,1850,1775,1850,1893,1750,2371,9590.0,88.27855594385397,24.57645318883168
503,151.866,3980,2548,4125,2548,2548,2548,3954,9590.0,88.25067814983205,24.575614582967916
504,169.578,3495,2344,3640,2610,2536,2610,3469,9590.0,88.25385253950202,24.57561458296792
505,173.393,3495,2344,3640,2610,2536,2610,3469,9590.0,88.25491066939199,24.575614582967916
506,249.609,3380,2254,3525,2585,2447,2585,3354,9590.0,88.25808505906197,24.57561458296792
507,191.623,3380,2254,3525,2585,2447,2585,3354,9590.0,88.25914318895195,24.575614582967916
508,214.139,3105,2174,3250,2505,2315,2315,3079,9590.0,88.26125944873193,24.57561458296792
509,126.383,3105,2174,3250,2505,2315,2315,3079,9590.0,88.26231757862192,24.575614582967916
510,122.803,2705,1924,2850,2490,1915,1915,2680,9590.0,88.2665500981819,24.575614582967916
511,224.361,2573,1791,2718,2357,1783,1783,2547,9590.0,88.2676082280719,24.575614582967916
512,213.998,2573,1791,2718,2357,1783,1783,2547,9590.0,88.26866635796186,24.57561458296792
513,21.197,2397,1850,1775,1850,1893,1750,2371,9590.0,88.27713139708177,24.575614582967916
514,31.702,2397,1850,1775,1850,1893,1750,2371,9590.0,88.27818952697176,24.57561458296792
515,15.827,3741,2577,3886,2577,2577,2577,3715,9590.0,88.25242811489755,24.57477597923666
516,119.176,3380,2254,3525,2585,2447,2585,3354,9590.0,88.2577187423886,24.574775979236666
517,199.066,3380,2254,3525,2585,2447,2585,3354,9590.0,88.2587768678868,24.574775979236662
518,152.055,3178,2321,3323,2652,2388,2388,3152,9590.0,88.259834993385,24.574775979236666
519,114.512,3123,2266,3268,2597,2333,2333,3097,9590.0,88.26089311888319,24.574775979236666
520,155.729,2965,2183,3110,2644,2175,2175,2939,9590.0,88.26195124438141,24.574775979236662
521,142.257,2679,1898,2824,2464,1889,1889,2653,9590.0,88.2640674953778,24.574775979236666
522,79.372,2665,1465,1389,1465,1697,1365,2691,9590.0,88.28099750334907,24.57477597923666
523,84.412,2665,1465,1389,1465,1697,1365,2691,9590.0,88.28205562884725,24.57477597923666
524,136.51,3178,2321,3323,2652,2388,2388,3152,9590.0,88.25946868468895,24.573937377637826
525,165.056,3178,2321,3323,2652,2388,2388,3152,9590.0,88.26052680579558,24.573937377637826
526,216.965,2965,2183,3110,2644,2175,2175,2939,9590.0,88.26158492690219,24.57393737763783
527,207.026,2841,2060,2987,2626,2051,2051,2816,9590.0,88.26264304800884,24.573937377637833
528,187.76,2836,2055,2981,2621,2046,2046,2810,9590.0,88.26370116911544,24.573937377637826
529,43.242,2910,2128,3055,2695,2120,2120,2884,9590.0,88.26581741132865,24.573937377637826
530,36.271,2854,2072,2999,2638,2064,2064,2828,9590.0,88.26687553243531,24.57393737763783
531,58.693,2854,2072,2999,2638,2064,2064,2828,9590.0,88.26793365354192,24.573937377637826
532,120.023,2831,701,701,701,933,1531,2857,9590.0,88.28909607567427,24.57393737763783
533,0.0,4110,2946,4255,2946,2946,2946,4084,9590.0,88.2495793423162,24.573098778171317
534,49.696,4110,2946,4255,2946,2946,2946,4084,9590.0,88.25063745903141,24.573098778171325
535,107.823,2847,2065,2992,2632,2057,2057,2821,9590.0,88.26227674289899,24.573098778171314
536,136.793,2847,2065,2992,2632,2057,2057,2821,9590.0,88.26333485961425,24.573098778171317
537,106.74,2910,2128,3055,2695,2120,2120,2884,9590.0,88.2654510930447,24.573098778171325
538,168.4,2854,2072,2999,2638,2064,2064,2828,9590.0,88.26650920975996,24.573098778171317
539,236.467,2870,2089,3015,2655,2080,2080,2844,9590.0,88.26756732647517,24.57309877817132
540,197.229,3144,2363,2659,2734,2354,2354,3119,9590.0,88.27179979333613,24.573098778171325
541,256.628,3144,2363,2659,2734,2354,2354,3119,9590.0,88.27285791005136,24.573098778171314
542,44.608,2831,701,701,701,933,1531,2857,9590.0,88.28872966077986,24.573098778171317
543,68.82,3032,231,231,0,0,626,3058,9590.0,88.29719459450175,24.573098778171325
544,6.972,3032,231,231,0,0,626,3058,9590.0,88.29825271121696,24.573098778171314
545,21.81,5000,4092,5000,5000,5000,4092,5000,9590.0,88.20371427672681,24.572260180837052
546,128.314,5000,4092,5000,5000,5000,4092,5000,9590.0,88.20477238905086,24.572260180837052
547,0.0,4110,2946,4255,2946,2946,2946,4084,9590.0,88.249213106661,24.572260180837052
548,39.191,4110,2946,4255,2946,2946,2946,4084,9590.0,88.25027121898506,24.57226018083705
549,157.001,2988,2206,3133,2773,2198,2198,2962,9590.0,88.26614290384583,24.57226018083705
550,240.377,3007,2225,3152,2791,2217,2217,2981,9590.0,88.26720101616988,24.57226018083705
551,197.464,3151,2369,3296,2935,2360,2360,3125,9590.0,88.26825912849392,24.572260180837052
552,208.581,3264,0,0,0,231,858,3290,9590.0,88.29577004891927,24.57226018083705
553,225.821,3032,231,231,0,0,626,3058,9590.0,88.29682816124331,24.572260180837052
554,158.602,3032,231,231,0,0,626,3058,9590.0,88.29788627356736,24.572260180837052
555,252.624,3282,0,481,0,249,376,3307,9590.0,88.30000249821546,24.57226018083705
556,60.436,5000,4092,5000,5000,5000,4092,5000,9590.0,88.20440635457442,24.571421585634923
557,147.627,5000,4291,5000,5000,5000,4291,5000,9590.0,88.20546446250745,24.571421585634926
558,222.995,5000,4291,5000,5000,5000,4291,5000,9590.0,88.20652257044053,24.571421585634926
559,217.578,3025,2244,3170,2810,2235,2235,3000,9590.0,88.26683472262545,24.57142158563492
560,209.806,3151,2369,3296,2935,2360,2360,3125,9590.0,88.26789283055852,24.571421585634923
561,133.778,3151,2369,3296,2935,2360,2360,3125,9590.0,88.2689509384916,24.571421585634926
562,233.217,3327,2546,2842,2917,2537,2537,3301,9590.0,88.2721252622908,24.571421585634923
563,160.816,3566,2785,3081,3156,2776,2776,3541,9590.0,88.27424147815695,24.571421585634926
564,162.653,3680,2899,3195,3270,2890,2890,3654,9590.0,88.27529958609,24.571421585634926
565,202.646,3680,2899,3195,3270,2890,2890,3654,9590.0,88.27635769402306,24.57142158563492
566,181.119,3264,0,0,0,231,858,3290,9590.0,88.2954036368183,24.571421585634926
567,199.725,3282,0,481,0,249,376,3307,9590.0,88.2996360685506,24.571421585634926
568,136.793,5000,4291,5000,5000,5000,4291,5000,9590.0,88.20615654393099,24.570582992564844
569,216.965,3390,2608,2904,2980,2600,2600,3364,9590.0,88.2717589635528,24.570582992564844
570,216.636,3566,2785,3081,3156,2776,2776,3541,9590.0,88.27387517063737,24.570582992564844
571,181.024,3680,2899,3195,3270,2890,2890,3654,9590.0,88.27493327417966,24.570582992564844
572,153.845,3680,2899,3195,3270,2890,2890,3654,9590.0,88.27599137772194,24.570582992564844
573,145.978,3658,0,858,376,626,0,3684,9590.0,88.30244396627914,24.570582992564848
574,85.731,3658,0,858,376,626,0,3684,9590.0,88.30350206982143,24.570582992564844
575,164.679,3658,0,858,376,626,0,3684,9590.0,88.30207755697508,24.569744401626725
576,159.168,3658,0,858,376,626,0,3684,9590.0,88.30313565612677,24.56974440162673
577,197.417,3864,0,774,582,832,959,3890,9590.0,88.30097842965706,24.56722864160321
578,171.933,3864,0,774,582,832,959,3890,9590.0,88.30061208741395,24.56639005919201
579,160.204,4356,0,1266,1074,1323,726,4381,9590.0,88.30374543495863,24.563874324747033
580,128.984,4356,0,1266,1074,1323,726,4381,9590.0,88.30480350338192,24.563874324747033
581,178.716,4356,0,1266,1074,1323,726,4381,9590.0,88.30337914221178,24.56303575086127
582,145.546,4356,0,1266,1074,1323,726,4381,9590.0,88.30443720624608,24.563035750861278
